-- MySQL dump 10.13  Distrib 5.7.25, for Linux (x86_64)
--
-- Host: localhost    Database: Disease.db
-- ------------------------------------------------------
-- Server version	5.7.25-0ubuntu0.16.04.2

/*!40101 SET @OLD_CHARACTER_SET_CLIENT=@@CHARACTER_SET_CLIENT */;
/*!40101 SET @OLD_CHARACTER_SET_RESULTS=@@CHARACTER_SET_RESULTS */;
/*!40101 SET @OLD_COLLATION_CONNECTION=@@COLLATION_CONNECTION */;
/*!40101 SET NAMES utf8 */;
/*!40103 SET @OLD_TIME_ZONE=@@TIME_ZONE */;
/*!40103 SET TIME_ZONE='+00:00' */;
/*!40014 SET @OLD_UNIQUE_CHECKS=@@UNIQUE_CHECKS, UNIQUE_CHECKS=0 */;
/*!40014 SET @OLD_FOREIGN_KEY_CHECKS=@@FOREIGN_KEY_CHECKS, FOREIGN_KEY_CHECKS=0 */;
/*!40101 SET @OLD_SQL_MODE=@@SQL_MODE, SQL_MODE='NO_AUTO_VALUE_ON_ZERO' */;
/*!40111 SET @OLD_SQL_NOTES=@@SQL_NOTES, SQL_NOTES=0 */;

--
-- Table structure for table `Disease_Age`
--

DROP TABLE IF EXISTS `Disease_Age`;
/*!40101 SET @saved_cs_client     = @@character_set_client */;
/*!40101 SET character_set_client = utf8 */;
CREATE TABLE `Disease_Age` (
  `Disease` text,
  `Age` text,
  `Organ` text
) ENGINE=InnoDB DEFAULT CHARSET=big5;
/*!40101 SET character_set_client = @saved_cs_client */;

--
-- Dumping data for table `Disease_Age`
--

LOCK TABLES `Disease_Age` WRITE;
/*!40000 ALTER TABLE `Disease_Age` DISABLE KEYS */;
INSERT INTO `Disease_Age` VALUES ('Anorexia nervosa','0-20','Eyes'),('Anorexia nervosa','21-40','Eyes'),('Anorexia nervosa','41-60','Eyes'),('Diabetic retinopathy','21-40','Eyes'),('Diabetic retinopathy','41-60','Eyes'),('Diabetic retinopathy','61-80','Eyes'),('Diabetic retinopathy','81-100','Eyes'),('Dyptheria','0-20','Eyes'),('Dyptheria','21-40','Eyes'),('Dyptheria','41-60','Eyes'),('Dehyadration','Any age ','Eyes'),('Allergic Rhinitis','Any age ','Eyes'),('Blepharitis','Any age ','Eyes'),('Bird flu','Any age ','Eyes'),('Cataract','21-40','Eyes'),('Cataract','41-60','Eyes'),('Cataract','61-80','Eyes'),('Cataract','81-100','Eyes'),('Chalazion','Any age ','Eyes'),('Conjunctivitis','Any age ','Eyes'),('Cholecystitis','Any age','Eyes'),('Colitis','Any age ','Eyes'),('Dyspnoea','21-40','Eyes'),('Dyspnoea','41-60','Eyes'),('Dyspnoea','61-80','Eyes'),('Dyspnoea','81-100','Eyes'),('Encephalitis','0-20','Eyes'),('Fragile x syndrome','0-20','Eyes'),('Goitre','Any age ','Eyes'),('Glaucoma','Any age ','Eyes'),('Graves disease','Any age ','Eyes'),('Hypotension','Any age ','Eyes'),('Hepatitis A','Any age ','Eyes'),('Hepatitis B','Any age ','Eyes'),('Hepatitis C','Any age ','Eyes'),('Hepatitis D','Any age ','Eyes'),('Hepatitis E','Any age ','Eyes'),('Hemiplegia','Any age ','Eyes'),('Hydrocephalus','0-20','Eyes'),('Hay fever','Any age ','Eyes'),('Hypoglycaemia','Any age ','Eyes'),('Juvenile diabetes','0-20','Eyes'),('Jaundice','Any age ','Eyes'),('Haemolytic Jaundice','Any age ','Eyes'),('Obstructive Jaundice','Any age ','Eyes'),('Kawasaki syndrome','0-20','Eyes'),('Kawasaki syndrome','0-20','Eyes'),('Leptospirosis','Any age','Eyes'),('Lupus','Any age ','Eyes'),('Leprosy','Any age','Eyes'),('Microcephaly','0-20','Eyes'),('Microcephaly','21-40','Eyes'),('Migraine','Any age','Eyes'),('Myasthenia gravis','Any age','Eyes'),('Megaloblastic Anemia','Any age','Eyes'),('Myopia','Any age','Eyes'),('measels','Any age','Eyes'),('Nasal polyps','Any age','Eyes'),('Night blindness','Any age','Eyes'),('Neuroblastoma','Any age','Eyes'),('Pertussis','Any age','Eyes'),('Sarcoidosis','Any age','Eyes'),('SLE (Systemic lupus Erythematosus)','Any age','Eyes'),('Sinusitis','Any age','Eyes'),('Seizures','Any age','Eyes'),('Stye','Any age','Eyes'),('Syncope','Any age','Eyes'),('Swine flu','Any age','Eyes'),('Strabismus','Any age','Eyes'),('Tension headache','Any age','Eyes'),('Trigeminal neuralgia','Any age','Eyes'),('Thyroiditis','Any age','Eyes'),('TORCH Syndrome','0-20','Eyes'),('Tremor','Any age','Eyes'),('Thalassemia','Any age','Eyes'),('Tourette\'s syndrome','Any age','Eyes'),('Thymoma','Any age','Eyes'),('Takayasu disease','0-20','Eyes'),('Takayasu disease','21-40','Eyes'),('Takayasu disease','41-60','Eyes'),('Urticaria','Any age','Eyes'),('Usher syndrome','Any age','Eyes'),('Uveitis','Any age','Eyes'),('Viral hemorrhagic fever','Any age','Eyes'),('Wegeners granulomatosis','Any age','Eyes'),('Williams syndrome','0-20','Eyes'),('Williams syndrome','21-40','Eyes'),('Williams syndrome','41-60','Eyes'),('Weils disease','Any age','Eyes'),('Whooping cough','Any age','Eyes'),('Xanthomatosis cerebrotendious','Any age','Eyes'),('Xerophthalmia','Any age','Eyes'),('Yellow fever','Any age','Eyes'),('Zlotogora syndrome','0-20','Eyes'),('Zika virus','Any age','Eyes'),('Zunich kaye syndrome','0-20','Eyes'),('Zamzam sheriff phillips syndrome','0-20','Eyes'),('Zygomycosis','Any age','Eyes'),('Pre eclampsia','During pregnancy','Eyes'),('Optic neuritis','Any age','Eyes');
/*!40000 ALTER TABLE `Disease_Age` ENABLE KEYS */;
UNLOCK TABLES;

--
-- Table structure for table `Disease_Gender`
--

DROP TABLE IF EXISTS `Disease_Gender`;
/*!40101 SET @saved_cs_client     = @@character_set_client */;
/*!40101 SET character_set_client = utf8 */;
CREATE TABLE `Disease_Gender` (
  `Disease` text,
  `Gender` text,
  `Body_Part` text
) ENGINE=InnoDB DEFAULT CHARSET=big5;
/*!40101 SET character_set_client = @saved_cs_client */;

--
-- Dumping data for table `Disease_Gender`
--

LOCK TABLES `Disease_Gender` WRITE;
/*!40000 ALTER TABLE `Disease_Gender` DISABLE KEYS */;
INSERT INTO `Disease_Gender` VALUES ('Anorexia nervosa','both','Eyes'),('Diabetic retinopathy','both','Eyes'),('Dyptheria','both','Eyes'),('Dehyadration','both','Eyes'),('Allergic Rhinitis','both','Eyes'),('Blepharitis','both','Eyes'),('Bird flu','both','Eyes'),('Cataract','both','Eyes'),('Chalazion','both','Eyes'),('Conjunctivitis','both','Eyes'),('Cholecystitis','both','Eyes'),('Colitis','both','Eyes'),('Dyspnoea','both','Eyes'),('Encephalitis','both','Eyes'),('Fragile x syndrome','both','Eyes'),('Goitre','both','Eyes'),('Glaucoma','both','Eyes'),('Graves disease','both','Eyes'),('Hypotension','both','Eyes'),('Hepatitis A','both','Eyes'),('Hepatitis B','both','Eyes'),('Hepatitis C','both','Eyes'),('Hepatitis D','both','Eyes'),('Hepatitis E','both','Eyes'),('Hemiplegia','both','Eyes'),('Hydrocephalus','both','Eyes'),('Hay fever','both','Eyes'),('Hypoglycaemia','both','Eyes'),('Juvenile diabetes','both','Eyes'),('Jaundice','both','Eyes'),('Haemolytic Jaundice','both','Eyes'),('Obstructive Jaundice','both','Eyes'),('Kawasaki syndrome','both','Eyes'),('Leptospirosis','both','Eyes'),('Lupus','both','Eyes'),('Leprosy','both','Eyes'),('Microcephaly','both','Eyes'),('Migraine','both','Eyes'),('Myasthenia gravis','both','Eyes'),('Megaloblastic Anemia','both','Eyes'),('Myopia','both','Eyes'),('Measels','both','Eyes'),('Nasal polyps','both','Eyes'),('Night blindness','both','Eyes'),('Neuroblastoma','both','Eyes'),('Pertussis','both','Eyes'),('Sarcoidosis','both','Eyes'),('SLE (Systemic lupus Erythematosus)','both','Eyes'),('Sinusitis','both','Eyes'),('Seizures','both','Eyes'),('Stye','both','Eyes'),('Syncope','both','Eyes'),('Swine flu','both','Eyes'),('Strabismus','both','Eyes'),('Tension headache','both','Eyes'),('Thyroiditis','both','Eyes'),('TORCH Syndrome','both','Eyes'),('Tremor','both','Eyes'),('Tourette\'s syndrome','both','Eyes'),('Thalassemia','both','Eyes'),('Thymoma','both','Eyes'),('Takayasu disease','both','Eyes'),('Urticaria','both','Eyes'),('Usher syndrome','both','Eyes'),('Uveitis','both','Eyes'),('Viral hemorrhagic fever','both','Eyes'),('Wegeners granulomatosis','both','Eyes'),('Williams syndrome','both','Eyes'),('Weils disease','both','Eyes'),('Whooping cough','both','Eyes'),('Xanthomatosis cerebrotendious','both','Eyes'),('Xerophthalmia','both','Eyes'),('Yellow fever','both','Eyes'),('Zlotogora syndrome','both','Eyes'),('Zika virus','both','Eyes'),('Zunich kaye syndrome','both','Eyes'),('Zamzam sheriff phillips syndrome','both','Eyes'),('Zygomycosis','both','Eyes'),('Pre eclampsia','female','Eyes'),('Optic neuritis','both','Eyes');
/*!40000 ALTER TABLE `Disease_Gender` ENABLE KEYS */;
UNLOCK TABLES;

--
-- Table structure for table `Disease_HappenedBefore`
--

DROP TABLE IF EXISTS `Disease_HappenedBefore`;
/*!40101 SET @saved_cs_client     = @@character_set_client */;
/*!40101 SET character_set_client = utf8 */;
CREATE TABLE `Disease_HappenedBefore` (
  `Disease` text,
  `Sign_Symptoms` text,
  `Happened_Before` text,
  `Body_Part` text
) ENGINE=InnoDB DEFAULT CHARSET=big5;
/*!40101 SET character_set_client = @saved_cs_client */;

--
-- Dumping data for table `Disease_HappenedBefore`
--

LOCK TABLES `Disease_HappenedBefore` WRITE;
/*!40000 ALTER TABLE `Disease_HappenedBefore` DISABLE KEYS */;
INSERT INTO `Disease_HappenedBefore` VALUES ('Syncope','Blurred vision','none','Eyes'),('Stye','Blurred vision','none','Eyes'),('Sarcoidosis','Blurred vision','none','Eyes'),('Juvenile diabetes','Blurred vision','none','Eyes'),('Hypoglycaemia','Blurred vision','more than once','Eyes'),('Hypoglycaemia','Blurred vision','once','Eyes'),('Hydrocephalus','Blurred vision','none','Eyes'),('Hemiplegia','Blurred vision','none','Eyes'),('Hypotension','Blurred vision','none','Eyes'),('Glaucoma','Blurred vision','none','Eyes'),('Dyspnoea','Blurred vision','none','Eyes'),('Conjunctivitis','Blurred vision','none','Eyes'),('Cataract','Blurred vision','none','Eyes'),('Diabetic retinopathy','Blurred vision','none','Eyes'),('Chalazion','Redness of eyes','none','Eyes'),('Conjunctivitis','Redness of eyes','none','Eyes'),('Glaucoma','Redness of eyes','none','Eyes'),('Leptospirosis','Redness of eyes','none','Eyes'),('Measels','Redness of eyes','none','Eyes'),('Swine flu','Redness of eyes','none','Eyes'),('Anorexia nervosa','Sunken eyes','none','Eyes'),('Dehyadration','Sunken eyes','none','Eyes'),('Diabetic retinopathy','Impairment of color vision','none','Eyes'),('Diabetic retinopathy','Poor night vision','none','Eyes'),('Diabetic retinopathy','Floaters, or transparent and colorless spots and dark strings that float in the field of vision','none','Eyes'),('Diabetic retinopathy','Sudden and total loss of vision','none','Eyes'),('Dyptheria','Double vision','none','Eyes'),('Allergic Rhinitis','Red itchy watery eyes','more than once','Eyes'),('Allergic Rhinitis','Red itchy watery eyes','once','Eyes'),('Blepharitis','Red itchy watery eyes','none','Eyes'),('Hay fever','Red itchy watery eyes','none','Eyes'),('Allergic Rhinitis','Swelling around eyes','none','Eyes'),('Blepharitis','Swelling of eyes','none','Eyes'),('Blepharitis','Eyelids appear greasy','none','Eyes'),('Blepharitis','Burning or stinging sensation in the eyes','none','Eyes'),('Blepharitis','Itchy eyes','none','Eyes'),('Conjunctivitis','Itchy eyes','none','Eyes'),('Nasal polyps','Itchy eyes','none','Eyes'),('Stye','Itchy eyes','none','Eyes'),('Blepharitis','Crusted eyelashes ','none','Eyes'),('Blepharitis','Sticky eyelids','none','Eyes'),('Blepharitis','Frequent blinking of eyes ','none','Eyes'),('Myopia','Frequent blinking of eyes ','none','Eyes'),('Tourette\'s syndrome','Frequent blinking of eyes ','none','Eyes'),('Blepharitis','Sensitivity to light','none','Eyes'),('Cataract','Sensitivity to light','none','Eyes'),('Glaucoma','Sensitivity to light','none','Eyes'),('Migraine','Sensitivity to light','more than once','Eyes'),('Sarcoidosis','Sensitivity to light','none','Eyes'),('Uveitis','Sensitivity to light','none','Eyes'),('Xerophthalmia','Sensitivity to light','none','Eyes'),('Blepharitis','Abnormally growth of eyelashes','none','Eyes'),('Blepharitis','Loss of eyelashes','none','Eyes'),('Bird flu','Eye infection','none','Eyes'),('Cataract','Cloudy and dim vision','none','Eyes'),('Cataract','Poor night vision','none','Eyes'),('Night blindness','Poor night vision','none','Eyes'),('Usher syndrome','Poor night vision','none','Eyes'),('Xerophthalmia','Poor night vision','none','Eyes'),('Cataract','Halos surrounding lights','none','Eyes'),('Cataract','Double vision','none','Eyes'),('Encephalitis','Double vision','none','Eyes'),('Myasthenia gravis','Double vision','none','Eyes'),('Strabismus','Double vision','none','Eyes'),('Thymoma','Double vision','none','Eyes'),('Cataract','Need for brighter light for reading and other activities','none','Eyes'),('Xerophthalmia','Need for brighter light for reading and other activities','none','Eyes'),('Cataract','Frequent changes in eyeglass or contact lens prescription','more than once','Eyes'),('Cataract','Fading or yellowing of colors','none','Eyes'),('Chalazion','Painless swelling on the eyelid','more than once','Eyes'),('Chalazion','Painless swelling on the eyelid','once','Eyes'),('Chalazion','Eyelid tenderness','none','Eyes'),('Chalazion','Watering of eyes','none','Eyes'),('Chalazion','Heaviness of the eyelid','none','Eyes'),('Urticaria','Redness of eyes','more than once','Eyes'),('Urticaria','Redness of eyes','once','Eyes'),('Uveitis','Redness of eyes','none','Eyes'),('Viral hemorrhagic fever','Redness of eyes','none','Eyes'),('Wegeners granulomatosis','Redness of eyes','none','Eyes'),('Weils disease','Redness of eyes','none','Eyes'),('Xerophthalmia','Redness of eyes','none','Eyes'),('Zika virus','Redness of eyes','none','Eyes'),('Chalazion','Pain full if associated with infection','none','Eyes'),('Chalazion','Eye irritation','none','Eyes'),('Conjunctivitis','Eye irritation','none','Eyes'),('Myopia','Eye irritation','none','Eyes'),('Stye','Eye irritation','none','Eyes'),('Xerophthalmia','Eye irritation','none','Eyes'),('Conjunctivitis','Swelling of eyes','none','Eyes'),('Colitis','Swelling of eyes','none','Eyes'),('TORCH Syndrome','Swelling of eyes','none','Eyes'),('Conjunctivitis','Watering of eyes','none','Eyes'),('Glaucoma','Watering of eyes','none','Eyes'),('Uveitis','Watering of eyes','none','Eyes'),('Whooping cough','Watering of eyes','none','Eyes'),('Conjunctivitis','Thick greenish yellow discharge from eyes','none','Eyes'),('Conjunctivitis','White discharge from the eye','none','Eyes'),('Conjunctivitis','Burning sensation','none','Eyes'),('Conjunctivitis','Swollen lymph nodes','none','Eyes'),('Conjunctivitis','Pricking sensation in affected eye','none','Eyes'),('Cholecystitis','Yellowing of the eyes','none','Eyes'),('Encephalitis','Pupils of different sizes','none','Eyes'),('Encephalitis','Sensitivity to light','none','Eyes'),('Fragile x syndrome','Lazy eyes','none','Eyes'),('Goitre','Protruding eyes','none','Eyes'),('Graves disease','Protruding eyes','none','Eyes'),('Neuroblastoma','Protruding eyes','none','Eyes'),('Glaucoma','Eye Pain','none','Eyes'),('Glaucoma','Very high intraocular pressure','none','Eyes'),('Glaucoma','Halos surrounding lights','none','Eyes'),('Glaucoma','Progressive loss of vision','none','Eyes'),('Hepatitis A','Yellowing of the eyes','none','Eyes'),('Hepatitis B','Yellowing of the eyes','none','Eyes'),('Hepatitis C','Yellowing of the eyes','none','Eyes'),('Hepatitis D','Yellowing of the eyes','none','Eyes'),('Hepatitis E','Yellowing of the eyes','none','Eyes'),('Hydrocephalus','Eyes fixed downwards','none','Eyes'),('Hay fever','Swelling around eyes','none','Eyes'),('Thyroiditis','Swelling around eyes','none','Eyes'),('Jaundice','Yellowish discoloration','none','Eyes'),('Haemolytic Jaundice','Yellowish discoloration','none','Eyes'),('Obstructive Jaundice','Yellowish discoloration','none','Eyes'),('Kawasaki syndrome','Pink eye','none','Eyes'),('Lupus','Dryness of eyes','none','Eyes'),('Leprosy','Reduced blinking of eyes','none','Eyes'),('Leprosy','Dryness of eyes','none','Eyes'),('SLE (Systemic lupus Erythematosus)','Dryness of eyes','none','Eyes'),('Microcephaly','Vision problem','none','Eyes'),('Migraine','Eye pain ','more than once','Eyes'),('Myasthenia gravis','Droppy eyes','none','Eyes'),('Megaloblastic Anemia','Droppy eyes','none','Eyes'),('Myopia','Eye strain','more than once','Eyes'),('Myopia','Blurred distant vision','none','Eyes'),('Myopia','Squinting of eye','none','Eyes'),('Myopia','Needs to put strain on eyes to see the far objects','none','Eyes'),('Night blindness','Dim vision','none','Eyes'),('Neuroblastoma','Dark circles around eyes','none','Eyes'),('Pertussis','Watering of eyes','none','Eyes'),('Sinusitis','Pain around eyes','none','Eyes'),('Seizures','Frequent blinking of eyes ','none','Eyes'),('Stye','Eyelid swelling','more than once','Eyes'),('Stye','Eyelid swelling','once','Eyes'),('Stye','Pain of the eyelid','none','Eyes'),('Stye','Pus formation in swelling of eyelid ','none','Eyes'),('Stye','Watering of eyes','none','Eyes'),('Strabismus','Unable to see distant object clearly','none','Eyes'),('Strabismus','Distant objects appears blurr','none','Eyes'),('Strabismus','Nonaligned eyes','none','Eyes'),('Strabismus','Strain vision','none','Eyes'),('Tension headache','Pain around eyes','more than once','Eyes'),('Tremor','Twitching of eyelids','none','Eyes'),('Thalassemia','Yellowish discoloration','none','Eyes'),('Takayasu disease','Vision problem','none','Eyes'),('Usher syndrome','Progressive loss of vision','none','Eyes'),('Usher syndrome','Decreased low light vision','none','Eyes'),('Usher syndrome','Loss of central vision','none','Eyes'),('Usher syndrome','Degeneration of retina','none','Eyes'),('Uveitis','Decreased vision','none','Eyes'),('Uveitis','Eye pain','none','Eyes'),('Uveitis','Blurred vision','none','Eyes'),('Uveitis','Appearance of white spot in eye','none','Eyes'),('Uveitis','Dark floating spots in the field of vision','none','Eyes'),('Wegeners granulomatosis','Burning or stinging sensation in the eyes','none','Eyes'),('Williams syndrome','Nonaligned eyes','none','Eyes'),('Xerophthalmia','Eye pain','none','Eyes'),('Xerophthalmia','Need for brighter light for reading and other activities','none','Eyes'),('Xerophthalmia','Feeling of something in eye','none','Eyes'),('Yellow fever','Yellowish discoloration ','none','Eyes'),('Yellow fever','Bleeding from eyes','none','Eyes'),('Zlotogora syndrome','Arched eyebrows','none','Eyes'),('Zika virus','Eye pain','none','Eyes'),('Zunich kaye syndrome','Hole like structure formation in the any part of the eye','none','Eyes'),('Zamzam sheriff phillips syndrome','Absent of iris in the eyes','none','Eyes'),('Zamzam sheriff phillips syndrome','Malposition of eye lens in the eyes','none','Eyes'),('Zamzam sheriff phillips syndrome','Vision problem','none','Eyes'),('Zygomycosis','Vision problem','none','Eyes'),('Pre eclampsia','Blurred vision','none','Eyes'),('Optic neuritis','Abnormal color vision','none','Eyes'),('Optic neuritis','Progressive loss of vision','none','Eyes'),('Optic neuritis','Blurred vision','none','Eyes'),('Optic neuritis','Eye pain','none','Eyes'),('Optic neuritis','Abnormal appearance of pupils','none','Eyes');
/*!40000 ALTER TABLE `Disease_HappenedBefore` ENABLE KEYS */;
UNLOCK TABLES;

--
-- Table structure for table `Disease_Questions`
--

DROP TABLE IF EXISTS `Disease_Questions`;
/*!40101 SET @saved_cs_client     = @@character_set_client */;
/*!40101 SET character_set_client = utf8 */;
CREATE TABLE `Disease_Questions` (
  `Disease` text,
  `Sign_Symptoms` text,
  `Gradual_Sudden` text,
  `Pain` text,
  `Disease_Time` text,
  `Happened_Before` text,
  `Must_Flag` varchar(255) DEFAULT NULL,
  `Body_Part` varchar(255) DEFAULT NULL
) ENGINE=InnoDB DEFAULT CHARSET=big5;
/*!40101 SET character_set_client = @saved_cs_client */;

--
-- Dumping data for table `Disease_Questions`
--

LOCK TABLES `Disease_Questions` WRITE;
/*!40000 ALTER TABLE `Disease_Questions` DISABLE KEYS */;
INSERT INTO `Disease_Questions` VALUES ('Syncope','Blurred vision','Sudden','none','none','none','1.0','Eyes'),('Stye','Blurred vision','none','none','none','none','2.0','Eyes'),('Sarcoidosis','Blurred vision','none','none','none','none','1.0','Eyes'),('Juvenile diabetes','Blurred vision','Gradual','none','more than week to month','none','2.0','Eyes'),('Hypoglycaemia','Blurred vision','Gradual','none','since today','once, more than once','2.0','Eyes'),('Hydrocephalus','Blurred vision','none','none','none','none','1.0','Eyes'),('Hemiplegia','Blurred vision','none','mild to moderate','since today','none','2.0','Eyes'),('Hypotension','Blurred vision','none','mild to moderate','since today','none','2.0','Eyes'),('Glaucoma','Blurred vision','none','moderate to severe','more than week to month','none','1.0','Eyes'),('Dyspnoea','Blurred vision','Sudden','moderate to severe','none','none','0.0','Eyes'),('Conjunctivitis','Blurred vision','none','mild','since today, more than one day to week','none','2.0','Eyes'),('Cataract','Blurred vision','Gradual','moderate to severe','more than week to month','none','1.0','Eyes'),('Diabetic retinopathy','Blurred vision','Gradual','moderate to severe','more than week to month','none','1.0','Eyes'),('Chalazion','Redness of eyes','none','none','none','none','2.0','Eyes'),('Conjunctivitis','Redness of eyes','none','none','since today, more than one day to week','none','1.0','Eyes'),('Glaucoma','Redness of eyes','none','none','none','none','2.0','Eyes'),('Leptospirosis','Redness of eyes','none','none','more than one day to week','none','1.0','Eyes'),('Measels','Redness of eyes','none','none','more than one day to week','none','2.0','Eyes'),('Swine flu','Redness of eyes','none','none','none','none','2.0','Eyes'),('Anorexia nervosa','Sunken eyes','none','none','more than week to month','none','0.0','Eyes'),('Dehyadration','Sunken eyes','none','none','more than one day to week','none','2.0','Eyes'),('Diabetic retinopathy','Impairment of color vision','none','none','more than week to month','none','2.0','Eyes'),('Diabetic retinopathy','Poor night vision','none','none','More than week to month','none','2.0','Eyes'),('Diabetic retinopathy','Floaters, or transparent and colorless spots and dark strings that float in the field of vision','none','none','more than one day to week','none','2.0','Eyes'),('Diabetic retinopathy','Sudden and total loss of vision','Sudden','none','none','none','2.0','Eyes'),('Dyptheria','Double vision','none','none','none','none','0.0','Eyes'),('Allergic Rhinitis','Red itchy watery eyes','none','mild to moderate','more than one day to week','once, more than once','2.0','Eyes'),('Blepharitis','Red itchy watery eyes','none','none','since today, more than one day to week','none','1.0','Eyes'),('Hay fever','Red itchy watery eyes','none','none','Since today, or more than one day to week','none','2.0','Eyes'),('Allergic Rhinitis','Swelling around eyes','none','mild to moderate','more than one day to week','none','0.0','Eyes'),('Blepharitis','Swelling of eyes','none','none','since today, more than one day to week','none','1.0','Eyes'),('Blepharitis','Eyelids appear greasy','none','none','none','none','2.0','Eyes'),('Blepharitis','Burning or stinging sensation in the eyes','none','mild to moderate','since today, more than one day to week','none','1.0','Eyes'),('Blepharitis','Itchy eyes','none','mild to moderate','since today, more than one day to week','none','2.0','Eyes'),('Conjunctivitis','Itchy eyes','none','none','since today, more than one day to week','none','2.0','Eyes'),('Nasal polyps','Itchy eyes','none','mild to moderate','none','none','2.0','Eyes'),('Stye','Itchy eyes','none','mild to moderate','more than one day to week','none','1.0','Eyes'),('Blepharitis','Crusted eyelashes ','none','none','none','none','2.0','Eyes'),('Blepharitis','Sticky eyelids','none','none','none','none','2.0','Eyes'),('Blepharitis','Frequent blinking of eyes ','none','none','none','none','1.0','Eyes'),('Myopia','Frequent blinking of eyes ','none','none','none','none','2.0','Eyes'),('Tourette\'s syndrome','Frequent blinking of eyes ','none','none','none','none','1.0','Eyes'),('Blepharitis','Sensitivity to light ','none','none','none','none','1.0','Eyes'),('Cataract','Sensitivity to light ','none','none','none','none','2.0','Eyes'),('Glaucoma','Sensitivity to light','none','none','none','none','1.0','Eyes'),('Migraine','Sensitivity to light','none','none','more than one week to month','more than once','1.0','Eyes'),('Sarcoidosis','Sensitivity to light ','none','none','none','none','1.0','Eyes'),('Uveitis','Sensitivity to light ','none','none','since today, more than one day to week','none','1.0','Eyes'),('Xerophthalmia','Sensitivity to light','none','none','none','none','1.0','Eyes'),('Blepharitis','Abnormally growth of eyelashes','none','none','none','none','0.0','Eyes'),('Blepharitis','Loss of eyelashes','none','none','none','none','0.0','Eyes'),('Bird flu','Eye infection','none','none','more than one day to week','none','2.0','Eyes'),('Cataract','Cloudy and dim vision','none','none','more than week to month','none','1.0','Eyes'),('Cataract','Poor night vision','none','none','none','none','1.0','Eyes'),('Night blindness','Poor night vision','Gradual','moderate to severe','more than week to month','none','1.0','Eyes'),('Usher syndrome','Poor night vision','Gradual','none','more than one day to week, more than week to month, more than month to year','none','1.0','Eyes'),('Xerophthalmia','Poor night vision','Gradual','none','more than one day to week, more than week to month, more than month to year','none','2.0','Eyes'),('Cataract','Halos surrounding lights','none','none','more than week to month','none','2.0','Eyes'),('Cataract','Double vision','none','none','more than week to month','none','1.0','Eyes'),('Encephalitis','Double vision','none','none','none','none','2.0','Eyes'),('Myasthenia gravis','Double vision','none','none','more than one day to week, or more than week to month','none','1.0','Eyes'),('Strabismus','Double vision','none','none','none','none','1.0','Eyes'),('Thymoma','Double vision','none','none','more than week to month','none','2.0','Eyes'),('Cataract','Need for brighter light for reading and other activities','none','none','more than week to month','none','1.0','Eyes'),('Xerophthalmia','Need for brighter light for reading and other activities','none','none','more than one day to week, more than week to month','none','1.0','Eyes'),('Cataract','Frequent changes in eyeglass or contact lens prescription','none','none','none','more than once','1.0','Eyes'),('Cataract','Fading or yellowing of colors','none','none','none','none','1.0','Eyes'),('Chalazion','Painless swelling on the eyelid','Gradual','none','Since today, more than one day to week','once, more than once','1.0','Eyes'),('Chalazion','Eyelid tenderness','none','mild','none','none','2.0','Eyes'),('Chalazion','Watering of eyes','none','none','none','none','2.0','Eyes'),('Chalazion','Heaviness of the eyelid','none','none','none','none','1.0','Eyes'),('Urticaria','Redness of eyes','none','none','since today','once, twice','2.0','Eyes'),('Uveitis','Redness of eyes','none','none','since today, more than one day to week','none','1.0','Eyes'),('Viral hemorrhagic fever','Redness of eyes','none','none','more than one day to week, more than week to month','none','1.0','Eyes'),('Wegeners granulomatosis','Redness of eyes','none','none','none','none','2.0','Eyes'),('Weils disease','Redness of eyes','none','none','more than one day to week','none','1.0','Eyes'),('Xerophthalmia','Redness of eyes','none','none','more than one day to week, more than week to month','none','1.0','Eyes'),('Zika virus','Redness of eyes','none','none','since today, more than one day to week','none','1.0','Eyes'),('Chalazion','Pain full if associated with infection','none','moderate ','none','none','2.0','Eyes'),('Chalazion','Eye irritation','none','none','none','none','2.0','Eyes'),('Conjunctivitis','Eye irritation','none','mild to moderate','since today, more than one day to week','none','1.0','Eyes'),('Myopia','Eye irritation','none','mild to moderate','more than one day to week, more than week to month','none','2.0','Eyes'),('Stye','Eye irritation','none','mild to moderate','more than one day to week','none','1.0','Eyes'),('Xerophthalmia','Eye irritation','none','none','more than one day to week, more than week to month','none','1.0','Eyes'),('Conjunctivitis','Swelling of eyes','none','none','since today, more than one day to week','none','1.0','Eyes'),('Colitis','Swelling of eyes','none','none','none','none','0.0','Eyes'),('TORCH Syndrome','Swelling of eyes','none','none','none','none','2.0','Eyes'),('Conjunctivitis','Watering of eyes','none','none','since today, more than one day to week','none','2.0','Eyes'),('Glaucoma','Watering of eyes','none','none','none','none','2.0','Eyes'),('Uveitis','Watering of eyes','none','none','since today, more than one day to week','none','1.0','Eyes'),('Whooping cough','Watering of eyes','none','none','none','none','1.0','Eyes'),('Conjunctivitis','Thick greenish yellow discharge from eyes','none','none','since today, more than one day to week','none','1.0','Eyes'),('Conjunctivitis','White discharge from the eye','none','none','since today, more than one day to week','none','1.0','Eyes'),('Conjunctivitis','Burning sensation','none','mild to moderate','since today, more than one day to week','none','1.0','Eyes'),('Conjunctivitis','Swollen lymph nodes','none','none','none','none','2.0','Eyes'),('Conjunctivitis','Pricking sensation in affected eye','none','mild to moderate','since today, more than one day to week','none','1.0','Eyes'),('Cholecystitis','Yellowing of the eyes','none','none','none','none','2.0','Eyes'),('Encephalitis','Pupils of different sizes','none','none','none','none','2.0','Eyes'),('Encephalitis','Sensitivity to light','none','none','none','none','2.0','Eyes'),('Fragile x syndrome','Lazy eyes','none','none','none','none','1.0','Eyes'),('Goitre','Protruding eyes','none','none','none','none','0.0','Eyes'),('Graves disease','Protruding eyes','none','none','none','none','1.0','Eyes'),('Neuroblastoma','Protruding eyes','none','none','none','none','2.0','Eyes'),('Glaucoma','Eye Pain','none','moderate to severe','more than week to month','none','1.0','Eyes'),('Glaucoma','Very high intraocular pressure','none','none','none','none','1.0','Eyes'),('Glaucoma','Halos surrounding lights','none','none','none','none','1.0','Eyes'),('Glaucoma','Progressive loss of vision','Gradual','none','none','none','1.0','Eyes'),('Hepatitis A','Yellowing of the eyes','none','none','more than one day to week','none','1.0','Eyes'),('Hepatitis B','Yellowing of the eyes','none','none','more than one day to week','none','1.0','Eyes'),('Hepatitis C','Yellowing of the eyes','none','none','more than one day to week','none','1.0','Eyes'),('Hepatitis D','Yellowing of the eyes','none','none','more than one day to week','none','1.0','Eyes'),('Hepatitis E','Yellowing of the eyes','none','none','more than one day to week','none','1.0','Eyes'),('Hydrocephalus','Eyes fixed downwards','none','none','none','none','2.0','Eyes'),('Hay fever','Swelling around eyes','none','mild to moderate','none','none','0.0','Eyes'),('Thyroiditis','Swelling around eyes','none','none','none','none','0.0','Eyes'),('Jaundice','Yellowish discoloration','none','none','more than one day to week','none','1.0','Eyes'),('Haemolytic Jaundice','Yellowish discoloration','none','none','more than one day to week','none','1.0','Eyes'),('Obstructive Jaundice','Yellowish discoloration','none','none','more than one day to week','none','1.0','Eyes'),('Kawasaki syndrome','Pink eye','none','none','none','none','2.0','Eyes'),('Lupus','Dryness of eyes','none','none','none','none','2.0','Eyes'),('Leprosy','Reduced blinking of eyes','Gradual','none','none','none','2.0','Eyes'),('Leprosy','Dryness of eyes','none','none','none','none','2.0','Eyes'),('SLE (Systemic lupus Erythematosus)','Dryness of eyes','none','none','none','none','2.0','Eyes'),('Microcephaly','Vision problem','Gradual','mild to moderate','none','none','1.0','Eyes'),('Migraine','Eye pain ','none','moderate to severe','more than one week to month','more than once','1.0','Eyes'),('Myasthenia gravis','Droppy eyes','Gradual','none','more than one day to week, or more than week to month','none','1.0','Eyes'),('Megaloblastic Anemia','Droppy eyes','none','none','none','none','2.0','Eyes'),('Myopia','Eye strain','none','mild to moderate','more than one day to week, more than week to month','more than once','1.0','Eyes'),('Myopia','Blurred distant vision','Gradual','none','none','none','1.0','Eyes'),('Myopia','Squinting of eye','Gradual','none','none','none','0.0','Eyes'),('Myopia','Needs to put strain on eyes to see the far objects','none','none','none','none','2.0','Eyes'),('Night blindness','Dim vision','Gradual','moderate to severe','more than week to month','none','1.0','Eyes'),('Neuroblastoma','Dark circles around eyes','none','none','none','none','2.0','Eyes'),('Pertussis','Watering of eyes','none','none','none','none','2.0','Eyes'),('Sinusitis','Pain around eyes','none','moderate to severe','more than one day to week','none','1.0','Eyes'),('Seizures','Frequent blinking of eyes ','none','none','none','none','2.0','Eyes'),('Stye','Eyelid swelling','Gradual','none','more than one day to week','once, more than once','1.0','Eyes'),('Stye','Pain of the eyelid','none','mild to moderate','more than one day to week','none','1.0','Eyes'),('Stye','Pus formation in swelling of eyelid ','none','none','none','none','1.0','Eyes'),('Stye','Watering of eyes','none','none','more than one day to week','none','1.0','Eyes'),('Strabismus','Unable to see distant object clearly','none','none','none','none','1.0','Eyes'),('Strabismus','Distant objects appears blurr','none','none','none','none','1.0','Eyes'),('Strabismus','Nonaligned eyes','none','none','none','none','1.0','Eyes'),('Strabismus','Strain vision','none','none','none','none','1.0','Eyes'),('Tension headache','Pain around eyes','none','moderate to severe','more than week to month','more than once','2.0','Eyes'),('Tremor','Twitching of eyelids','none','none','none','none','2.0','Eyes'),('Thalassemia','Yellowish discoloration','none','none','more than week to month','none','1.0','Eyes'),('Takayasu disease','Vision problem','Gradual','moderate to severe','more than week to month','none','2.0','Eyes'),('Usher syndrome','Progressive loss of vision','Gradual','none','more than one day to week, more than week to month, more than month to year','none','1.0','Eyes'),('Usher syndrome','Decreased low light vision','Gradual','none','more than one day to week, more than week to month, more than month to year','none','1.0','Eyes'),('Usher syndrome','Loss of central vision','Gradual','none','more than one day to week, more than week to month, more than month to year','none','1.0','Eyes'),('Usher syndrome','Degeneration of retina','Gradual','none','more than one day to week, more than week to month, more than month to year','none','1.0','Eyes'),('Uveitis','Decreased vision','none','none','since today, more than one day to week','none','1.0','Eyes'),('Uveitis','Eye pain','none','mild to moderate','since today, more than one day to week','none','1.0','Eyes'),('Uveitis','Blurred vision','none','none','since today, more than one day to week','none','1.0','Eyes'),('Uveitis','Appearance of white spot in eye','none','none','none','none','2.0','Eyes'),('Uveitis','Dark floating spots in the field of vision','none','none','none','none','2.0','Eyes'),('Wegeners granulomatosis','Burning or stinging sensation in the eyes','none','mild to moderate','none','none','2.0','Eyes'),('Williams syndrome','Nonaligned eyes','none','none','none','none','2.0','Eyes'),('Xerophthalmia','Eye pain','none','moderate to severe','more than one day to week, more than week to month','none','1.0','Eyes'),('Xerophthalmia','Need for brighter light for reading and other activities','none','none','more than one day to week, more than week to month','none','1.0','Eyes'),('Xerophthalmia','Feeling of something in eye','none','none','none','none','1.0','Eyes'),('Yellow fever','Yellowish discoloration ','none','none','since today, more than one day to week','none','1.0','Eyes'),('Yellow fever','Bleeding from eyes','none','none','since today, more than one day to week','none','1.0','Eyes'),('Zlotogora syndrome','Arched eyebrows','none','none','none','none','2.0','Eyes'),('Zika virus','Eye pain','none','moderate to severe','since today, more than one day to week','none','2.0','Eyes'),('Zunich kaye syndrome','Hole like structure formation in the any part of the eye','none','none','none','none','1.0','Eyes'),('Zamzam sheriff phillips syndrome','Absent of iris in the eyes','none','none','none','none','1.0','Eyes'),('Zamzam sheriff phillips syndrome','Malposition of eye lens in the eyes','none','none','none','none','1.0','Eyes'),('Zamzam sheriff phillips syndrome','Vision problem','none','none','none','none','1.0','Eyes'),('Zygomycosis','Vision problem','none','none','none','none','1.0','Eyes'),('Pre eclampsia','Blurred vision','none','none','since today, more than one day to week','none','2.0','Eyes'),('Optic neuritis','Abnormal color vision','none','none','since today, more than one day to week, more than week to month','none','1.0','Eyes'),('Optic neuritis','Progressive loss of vision','Gradual','none','since today, more than one day to week, more than week to month','none','1.0','Eyes'),('Optic neuritis','Blurred vision','none','none','since today, more than one day to week, more than week to month','none','1.0','Eyes'),('Optic neuritis','Eye pain','none','mild to moderate','since today, more than one day to week, more than week to month','none','1.0','Eyes'),('Optic neuritis','Abnormal appearance of pupils','none','none','since today, more than one day to week, more than week to month','none','1.0','Eyes');
/*!40000 ALTER TABLE `Disease_Questions` ENABLE KEYS */;
UNLOCK TABLES;

--
-- Table structure for table `Disease_Symptoms`
--

DROP TABLE IF EXISTS `Disease_Symptoms`;
/*!40101 SET @saved_cs_client     = @@character_set_client */;
/*!40101 SET character_set_client = utf8 */;
CREATE TABLE `Disease_Symptoms` (
  `Disease` text,
  `Sign_Symptoms` text,
  `Body_Part` text
) ENGINE=InnoDB DEFAULT CHARSET=big5;
/*!40101 SET character_set_client = @saved_cs_client */;

--
-- Dumping data for table `Disease_Symptoms`
--

LOCK TABLES `Disease_Symptoms` WRITE;
/*!40000 ALTER TABLE `Disease_Symptoms` DISABLE KEYS */;
INSERT INTO `Disease_Symptoms` VALUES ('Diabetic retinopathy,Cataract,Conjunctivitis,Dyspnoea,Glaucoma,Hypotension,Hemiplegia,Hydrocephalus,Hypoglycaemia,Juvenile diabetes,Sarcoidosis,Stye,Syncope,Pre eclampsia,Optic neuritis,Uveitis','Blurred vision','Eyes'),('Diabetic retinopathy,Cataract','Trouble seeing at night','Eyes'),('Cataract,Glaucoma','Halos surrounding lights','Eyes'),('Cataract','Fading or yellowing of colors','Eyes'),('Cataract,Encephalitis,Myasthenia gravis,Strabismus,Dytheria,Thymoma','Double vision ','Eyes'),('Chalazion,Conjunctivitis,Leptospirosis,Stye,Myopia,Xerophthalmia','Eye irritation','Eyes'),('Anorexia nervosa,Dehydration','Suken eyes','Eyes'),('Nephropathy,Conjunctivitis,Colitis,Blepharitis,Myopia,Tourette\'s syndrome,Seizures','Frequent blinking of eyes','Eyes'),('Diabetic retinopathy              ','Impairment of color vision','Eyes'),('Diabetic retinopathy','Floaters, or transparent and colorless spots and dark strings that float in the field of vision.','Eyes'),('Diabetic retinopathy,Myopia,Night blindness,Cataract,Xerophthalmia,Usher syndrome','Poor night vision','Eyes'),('Diabetic retinopathy','Sudden and total loss of vision.','Eyes'),('Allergic rhinitis,Blepharitis,Bird flu,Conjunctivitis,Stye,Hay fever','Red itchy watery eyes','Eyes'),('Allergic rhinitis,Hay fever,Thyroiditis','Swelling around eyes','Eyes'),('Blepharitis,Conjunctivitis,Wegeners granulomatosis','Burning or stinging sensation in the eyes','Eyes'),('Blepharitis','Eyelids appear greasy','Eyes'),('Blepharitis,Conjunctivitis','Crusted eyelashes upon awakening','Eyes'),('Blepharitis','Sticky eyelids','Eyes'),('Blepharitis,Myopia,Tourette\'s syndrome,Seizures','frequent blinking of eyes','Eyes'),('Blepharitis,Cataract,Conjunctivitis,Encephalitis,Glaucoma,Migraine,Xerophthalmia,Uveitis,Sarcoidosis','Sensitivity to light','Eyes'),('Blepharitis','Abnormally growth of eyelashes','Eyes'),('Blepharitis','Loss of eyelashes','Eyes'),('Cataract','Cloudy and dim vision','Eyes'),('Cataract','Frequent changes in eyeglass or contact lens prescription','Eyes'),('Chalazion ','Painless swelling on the eyelid','Eyes'),('Chalazion,Stye','Painfull eyelid','Eyes'),('Chalazion,Conjunctivitis,Glaucoma,Pertussis','Increased tearing','Eyes'),('Chalazion','Heaviness of the eyelid','Eyes'),('Chalazion,Glaucoma,Leptospirosis,Measels,Swine flu,Conjunctivitis,Zika virus,Weils disease,Wegeners granulomatosis,Viral hemorrhagic fever,Uveitis,Urticaria,Xerophthalmia','Redness of eyes','Eyes'),('Chalazion','Eye pain if associated with infection','Eyes'),('Conjunctivitis','Thick yellow discharge from eyelashes','Eyes'),('Conjunctivitis','Green or white discharge from the eye','Eyes'),('Encephalitis','Pupils of different sizes','Eyes'),('Fragile x syndrome','Lazy eyes','Eyes'),('Goitre,Graves disease,Neuroblastoma','Protruding eyes','Eyes'),('Glaucoma,Microcephaly,Optic neuritis,Usher syndrome','Progressive loss of vision','Eyes'),('Hepatitis A,Hepatitis B,Hepatitis C,Hepatitis D,Hepatitis E,Jaundice,Cholecystitis,Haemolytic Jaundice,Obstructive Jaundice,Yellow fever,Thalassemia','Yellowing of the eyes','Eyes'),('Hydrocephalus','Eyes fixed downwards','Eyes'),('Kawasaki syndrome','Pink colouration of eyes','Eyes'),('Lupus,Leprosy,SLE (Systemic lupus Erythematosus)','Dryness in eyes','Eyes'),('Leprosy','Reduced blinking of eyes','Eyes'),('Megaloblastic Anemia,Myasthenia gravis','Droppy eyes','Eyes'),('Myopia,Strabismus','Eye strain','Eyes'),('Myopia','Difficulty in reading books','Eyes'),('Myopia','Frequent rubbing of eyes','Eyes'),('Myopia','Squinting of eye','Eyes'),('Nasal polyp,Stye','Itching around eyes','Eyes'),('Neuroblastoma','Dark circle around eyes','Eyes'),('Sickle cell anemia','Paleness in eyes','Eyes'),('Stye','Swelling of the eyelid','Eyes'),('Stye','Pus formation in eyelids','Eyes'),('Strabismus','Long sightedness','Eyes'),('Strabismus','Short sightedness','Eyes'),('Diabetic retinopathy','Floaters, or transparent and colorless spots and dark strings that float in the field of vision.','Eyes'),('Blepharitis, stye,Conjunctivitis,Nasal polyps','Itchy eyes','Eyes'),('Blepharitis','Crusted eyelashes upon awakening','Eyes'),('Blepharitis','Abnormally growth of eyelashes','Eyes'),('Bird flu','Eye infection','Eyes'),('Chalazion','Eyelid tenderness','Eyes'),('Chalazion,Conjunctivitis,Glaucoma,Pertussis,Whooping cough,Uveitis,Stye,Pertussis','Watering of eyes','Eyes'),('Conjunctivitis','Thick greenish yellow discharge from eyes','Eyes'),('Conjunctivitis','white discharge from the eye','Eyes'),('Conjunctivitis','Burning sensation','Eyes'),('Conjunctivitis','Swollen lymph nodes','Eyes'),('Conjunctivitis','Pricking sensation in affected eye','Eyes'),('Glaucoma','Very high intraocular pressure','Eyes'),('Lupus,Leprosy,SLE (Systemic lupus Erythematosus)','Dryness of eyes','Eyes'),('Kawasaki syndrome','Pink eye','Eyes'),('Leprosy','Reduced blinking of eyes','Eyes'),('Microcephaly,Zygomycosis,Zamzam sheriff phillips syndrome,Takayasu disease','Vision problem','Eyes'),('Migraine,Zika virus,Xerophthalmia,Uveitis,Glaucoma,Sinusitis,Tension headache,Migraine,Optic neuritis','Eye Pain','Eyes'),('Myopia,Strabismus','Blurred distant vision','Eyes'),('Myopia','Needs to put strain on eyes to see the far objects','Eyes'),('Optic neuritis','Abnormal appearance of pupils','Eyes'),('Optic neuritis','Abnormal color vision','Eyes'),('Zamzam sheriff phillips syndrome','Malposition of eye lens in the eyes','Eyes'),('Zamzam sheriff phillips syndrome','Absent of iris in the eyes','Eyes'),('Zunich kaye syndrome','Hole like structure formation in the any part of the eye','Eyes'),('Zlotogora syndrome','Arched eyebrows','Eyes'),('Yellow fever','Bleeding from eyes','Eyes'),('Xerophthalmia,Cataract','Need for brighter light for reading and other activities','Eyes'),('Xerophthalmia','Feeling of something in eye','Eyes'),('Uveitis','Appearance of white spot in eye','Eyes'),('Usher syndrome','Degeneration of retina','Eyes'),('Usher syndrome','Loss of central vision','Eyes'),('Usher syndrome','Decreased low light vision','Eyes'),('Uveitis','Dark floating spots in the field of vision','Eyes'),('Uveitis','Decreased vision','Eyes'),('Tremor','Twitching of eyelids','Eyes'),('TORCH Syndrome,Colitis,Conjunctivitis,Blepharitis','Swelling of eyes','Eyes'),('Strabismus','Distant objects appears blurr','Eyes'),('Strabismus','Unable to see distant object clearly','Eyes'),('Strabismus','Strain vision','Eyes'),('Stye','Pus formation in swelling of eyelid ','Eyes'),('Stye','Pain of the eyelid','Eyes'),('Stye','Eyelid swelling','Eyes'),('Seizures','Frequent blinking of the eyes','Eyes'),('Sinusitis,Tension headache','Pain around eyes','Eyes'),('Neuroblastoma','Dark circles around eyes','Eyes'),('Night blindness','Dim vision','Eyes'),('Strabismus,Williams syndrome','Nonaligned eyes','Eyes');
/*!40000 ALTER TABLE `Disease_Symptoms` ENABLE KEYS */;
UNLOCK TABLES;

--
-- Table structure for table `Disease_Time`
--

DROP TABLE IF EXISTS `Disease_Time`;
/*!40101 SET @saved_cs_client     = @@character_set_client */;
/*!40101 SET character_set_client = utf8 */;
CREATE TABLE `Disease_Time` (
  `Disease` text,
  `Sign_Symptoms` text,
  `Disease_Time` text,
  `Body_Part` text
) ENGINE=InnoDB DEFAULT CHARSET=big5;
/*!40101 SET character_set_client = @saved_cs_client */;

--
-- Dumping data for table `Disease_Time`
--

LOCK TABLES `Disease_Time` WRITE;
/*!40000 ALTER TABLE `Disease_Time` DISABLE KEYS */;
INSERT INTO `Disease_Time` VALUES ('Syncope','Blurred vision','none','Eyes'),('Stye','Blurred vision','none','Eyes'),('Sarcoidosis','Blurred vision','none','Eyes'),('Juvenile diabetes','Blurred vision','more than week to month','Eyes'),('Hypoglycaemia','Blurred vision','since today','Eyes'),('Hydrocephalus','Blurred vision','none','Eyes'),('Hemiplegia','Blurred vision','since today','Eyes'),('Hypotension','Blurred vision','since today','Eyes'),('Glaucoma','Blurred vision','more than week to month','Eyes'),('Dyspnoea','Blurred vision','none','Eyes'),('Conjunctivitis','Blurred vision','more than one day to week','Eyes'),('Conjunctivitis','Blurred vision','since today','Eyes'),('Cataract','Blurred vision','more than week to month','Eyes'),('Diabetic retinopathy','Blurred vision','more than week to month','Eyes'),('Chalazion','Redness of eyes','none','Eyes'),('Conjunctivitis','Redness of eyes','more than one day to week','Eyes'),('Conjunctivitis','Redness of eyes','since today','Eyes'),('Glaucoma','Redness of eyes','none','Eyes'),('Leptospirosis','Redness of eyes','more than one day to week','Eyes'),('measels','Redness of eyes','more than one day to week','Eyes'),('Swine flu','Redness of eyes','none','Eyes'),('Anorexia nervosa','Sunken eyes','more than week to month','Eyes'),('Dehyadration','Sunken eyes','more than one day to week','Eyes'),('Diabetic retinopathy','Impairment of color vision','more than week to month','Eyes'),('Diabetic retinopathy','Poor night vision','more than week to month','Eyes'),('Diabetic retinopathy','Floaters, or transparent and colorless spots and dark strings that float in the field of vision','more than one day to week','Eyes'),('Diabetic retinopathy','Sudden and total loss of vision','none','Eyes'),('Dyptheria','Double vision','none','Eyes'),('Allergic Rhinitis','Red itchy watery eyes','more than one day to week','Eyes'),('Blepharitis','Red itchy watery eyes','more than one day to week','Eyes'),('Blepharitis','Red itchy watery eyes','since today','Eyes'),('Hay fever','Red itchy watery eyes','more than one day to week','Eyes'),('Hay fever','Red itchy watery eyes','since today','Eyes'),('Allergic Rhinitis','Swelling around eyes','more than one day to week','Eyes'),('Blepharitis','Swelling of eyes','more than one day to week','Eyes'),('Blepharitis','Swelling of eyes','since today','Eyes'),('Blepharitis','Eyelids appear greasy','none','Eyes'),('Blepharitis','Burning or stinging sensation in the eyes','more than one day to week','Eyes'),('Blepharitis','Burning or stinging sensation in the eyes','since today','Eyes'),('Blepharitis','Itchy eyes','more than one day to week','Eyes'),('Blepharitis','Itchy eyes','since today','Eyes'),('Conjunctivitis','Itchy eyes','more than one day to week','Eyes'),('Conjunctivitis','Itchy eyes','since today','Eyes'),('Nasal polyps','Itchy eyes','none','Eyes'),('Stye','Itchy eyes','more than one day to week','Eyes'),('Blepharitis','Crusted eyelashes ','none','Eyes'),('Blepharitis','Sticky eyelids','none','Eyes'),('Blepharitis','Frequent blinking of eyes ','none','Eyes'),('Myopia','Frequent blinking of eyes ','none','Eyes'),('Tourette\'s syndrome','Frequent blinking of eyes ','none','Eyes'),('Blepharitis','Sensitivity to light','none','Eyes'),('Cataract','Sensitivity to light','none','Eyes'),('Glaucoma','Sensitivity to light','none','Eyes'),('Migraine','Sensitivity to light','more than one week to month','Eyes'),('Sarcoidosis','Sensitivity to light','none','Eyes'),('Uveitis','Sensitivity to light','more than one day to week','Eyes'),('Uveitis','Sensitivity to light','since today','Eyes'),('Xerophthalmia','Sensitivity to light','none','Eyes'),('Blepharitis','Abnormally growth of eyelashes','none','Eyes'),('Blepharitis','Loss of eyelashes','none','Eyes'),('Bird flu','Eye infection','more than one day to week','Eyes'),('Cataract','Cloudy and dim vision','more than week to month','Eyes'),('Cataract','Poor night vision','none','Eyes'),('Night blindness','Poor night vision','more than week to month','Eyes'),('Usher syndrome','Poor night vision','more than week to month','Eyes'),('Usher syndrome','Poor night vision','more than month to year','Eyes'),('Usher syndrome','Poor night vision','more than one day to week','Eyes'),('Xerophthalmia','Poor night vision','more than week to month','Eyes'),('Xerophthalmia','Poor night vision','more than month to year','Eyes'),('Xerophthalmia','Poor night vision','more than one day to week','Eyes'),('Cataract','Halos surrounding lights','more than week to month','Eyes'),('Cataract','Double vision','more than week to month','Eyes'),('Encephalitis','Double vision','none','Eyes'),('Myasthenia gravis','Double vision','more than week to month','Eyes'),('Myasthenia gravis','Double vision','more than one day to week','Eyes'),('Strabismus','Double vision','none','Eyes'),('Thymoma','Double vision','more than week to month','Eyes'),('Cataract','Need for brighter light for reading and other activities','more than week to month','Eyes'),('Xerophthalmia','Need for brighter light for reading and other activities','more than week to month','Eyes'),('Xerophthalmia','Need for brighter light for reading and other activities','more than one day to week','Eyes'),('Cataract','Frequent changes in eyeglass or contact lens prescription','none','Eyes'),('Cataract','Fading or yellowing of colors','none','Eyes'),('Chalazion','Painless swelling on the eyelid','more than one day to week','Eyes'),('Chalazion','Painless swelling on the eyelid','since today','Eyes'),('Chalazion','Eyelid tenderness','none','Eyes'),('Chalazion','Watering of eyes','none','Eyes'),('Chalazion','Heaviness of the eyelid','none','Eyes'),('Urticaria','Redness of eyes','since today','Eyes'),('Uveitis','Redness of eyes','more than one day to week','Eyes'),('Uveitis','Redness of eyes','since today','Eyes'),('Viral hemorrhagic fever','Redness of eyes','more than week to month','Eyes'),('Viral hemorrhagic fever','Redness of eyes','more than one day to week','Eyes'),('Wegeners granulomatosis','Redness of eyes','none','Eyes'),('Weils disease','Redness of eyes','more than one day to week','Eyes'),('Xerophthalmia','Redness of eyes','more than week to month','Eyes'),('Xerophthalmia','Redness of eyes','more than one day to week','Eyes'),('Zika virus','Redness of eyes','more than one day to week','Eyes'),('Zika virus','Redness of eyes','since today','Eyes'),('Chalazion','Pain full if associated with infection','none','Eyes'),('Chalazion','Eye irritation','none','Eyes'),('Conjunctivitis','Eye irritation','more than one day to week','Eyes'),('Conjunctivitis','Eye irritation','since today','Eyes'),('Myopia','Eye irritation','more than week to month','Eyes'),('Myopia','Eye irritation','more than one day to week','Eyes'),('Stye','Eye irritation','more than one day to week','Eyes'),('Xerophthalmia','Eye irritation','more than week to month','Eyes'),('Xerophthalmia','Eye irritation','more than one day to week','Eyes'),('Conjunctivitis','Swelling of eyes','more than one day to week','Eyes'),('Conjunctivitis','Swelling of eyes','since today','Eyes'),('Colitis','Swelling of eyes','none','Eyes'),('TORCH Syndrome','Swelling of eyes','none','Eyes'),('Conjunctivitis','Watering of eyes','more than one day to week','Eyes'),('Conjunctivitis','Watering of eyes','since today','Eyes'),('Glaucoma','Watering of eyes','none','Eyes'),('Uveitis','Watering of eyes','more than one day to week','Eyes'),('Uveitis','Watering of eyes','since today','Eyes'),('Whooping cough','Watering of eyes','none','Eyes'),('Conjunctivitis','Thick greenish yellow discharge from eyes','more than one day to week','Eyes'),('Conjunctivitis','Thick greenish yellow discharge from eyes','since today','Eyes'),('Conjunctivitis','White discharge from the eye','more than one day to week','Eyes'),('Conjunctivitis','White discharge from the eye','since today','Eyes'),('Conjunctivitis','Burning sensation','more than one day to week','Eyes'),('Conjunctivitis','Burning sensation','since today','Eyes'),('Conjunctivitis','Swollen lymph nodes','none','Eyes'),('Conjunctivitis','Pricking sensation in affected eye','more than one day to week','Eyes'),('Conjunctivitis','Pricking sensation in affected eye','since today','Eyes'),('Cholecystitis','Yellowing of the eyes','none','Eyes'),('Encephalitis','Pupils of different sizes','none','Eyes'),('Encephalitis','Sensitivity to light','none','Eyes'),('Fragile x syndrome','Lazy eyes','none','Eyes'),('Goitre','Protruding eyes','none','Eyes'),('Graves disease','Protruding eyes','none','Eyes'),('Neuroblastoma','Protruding eyes','none','Eyes'),('Glaucoma','Eye Pain','more than week to month','Eyes'),('Glaucoma','Very high intraocular pressure','none','Eyes'),('Glaucoma','Halos surrounding lights','none','Eyes'),('Glaucoma','Progressive loss of vision','none','Eyes'),('Hepatitis A','Yellowing of the eyes','more than one day to week','Eyes'),('Hepatitis B','Yellowing of the eyes','more than one day to week','Eyes'),('Hepatitis C','Yellowing of the eyes','more than one day to week','Eyes'),('Hepatitis D','Yellowing of the eyes','more than one day to week','Eyes'),('Hepatitis E','Yellowing of the eyes','more than one day to week','Eyes'),('Hydrocephalus','Eyes fixed downwards','none','Eyes'),('Hay fever','Swelling around eyes','none','Eyes'),('Thyroiditis','Swelling around eyes','none','Eyes'),('Jaundice','Yellowish discoloration','more than one day to week','Eyes'),('Haemolytic Jaundice','Yellowish discoloration','more than one day to week','Eyes'),('Obstructive Jaundice','Yellowish discoloration','more than one day to week','Eyes'),('Kawasaki syndrome','Pink eye','none','Eyes'),('Lupus','Dryness of eyes','none','Eyes'),('Leprosy','Reduced blinking of eyes','none','Eyes'),('Leprosy','Dryness of eyes','none','Eyes'),('SLE (Systemic lupus Erythematosus)','Dryness of eyes','none','Eyes'),('Microcephaly','Vision problem','none','Eyes'),('Migraine','Eye pain ','more than week to month','Eyes'),('Myasthenia gravis','Droppy eyes','more than week to month','Eyes'),('Myasthenia gravis','Droppy eyes','more than one day to week','Eyes'),('Megaloblastic Anemia','Droppy eyes','none','Eyes'),('Myopia','Eye strain','more than week to month','Eyes'),('Myopia','Eye strain','more than one day to week','Eyes'),('Myopia','Blurred distant vision','none','Eyes'),('Myopia','Squinting of eye','none','Eyes'),('Myopia','Needs to put strain on eyes to see the far objects','none','Eyes'),('Night blindness','Dim vision','more than week to month','Eyes'),('Neuroblastoma','Dark circles around eyes','none','Eyes'),('Pertussis','Watering of eyes','none','Eyes'),('Sinusitis','Pain around eyes','more than one day to week','Eyes'),('Seizures','Frequent blinking of eyes ','none','Eyes'),('Stye','Eyelid swelling','more than one day to week','Eyes'),('Stye','Pain of the eyelid','more than one day to week','Eyes'),('Stye','Pus formation in swelling of eyelid ','none','Eyes'),('Stye','Watering of eyes','more than one day to week','Eyes'),('Strabismus','Unable to see distant object clearly','none','Eyes'),('Strabismus','Distant objects appears blurr','none','Eyes'),('Strabismus','Nonaligned eyes','none','Eyes'),('Strabismus','Strain vision','none','Eyes'),('Tension headache','Pain around eyes','more than week to month','Eyes'),('Tremor','Twitching of eyelids','none','Eyes'),('Thalassemia','Yellowish discoloration','more than week to month','Eyes'),('Takayasu disease','Vision problem','more than week to month','Eyes'),('Usher syndrome','Progressive loss of vision','more than month to year','Eyes'),('Usher syndrome','Progressive loss of vision','more than week to month','Eyes'),('Usher syndrome','Progressive loss of vision','more than one day to week','Eyes'),('Usher syndrome','Decreased low light vision','more than week to month','Eyes'),('Usher syndrome','Decreased low light vision','more than month to year','Eyes'),('Usher syndrome','Decreased low light vision','more than one day to week','Eyes'),('Usher syndrome','Loss of central vision','more than month to year','Eyes'),('Usher syndrome','Loss of central vision','more than week to month','Eyes'),('Usher syndrome','Loss of central vision','more than one day to week','Eyes'),('Usher syndrome','Degeneration of retina','more than month to year','Eyes'),('Usher syndrome','Degeneration of retina','more than week to month','Eyes'),('Usher syndrome','Degeneration of retina','more than one day to week','Eyes'),('Uveitis','Decreased vision','more than one day to week','Eyes'),('Uveitis','Decreased vision','since today','Eyes'),('Uveitis','Eye pain','more than one day to week','Eyes'),('Uveitis','Eye pain','since today','Eyes'),('Uveitis','Blurred vision','more than one day to week','Eyes'),('Uveitis','Blurred vision','since today','Eyes'),('Uveitis','Appearance of white spot in eye','none','Eyes'),('Uveitis','Dark floating spots in the field of vision','none','Eyes'),('Wegeners granulomatosis','Burning or stinging sensation in the eyes','none','Eyes'),('Williams syndrome','Nonaligned eyes','none','Eyes'),('Xerophthalmia','Eye pain','more than week to month','Eyes'),('Xerophthalmia','Eye pain','more than one day to week','Eyes'),('Xerophthalmia','Need for brighter light for reading and other activities','more than week to month','Eyes'),('Xerophthalmia','Need for brighter light for reading and other activities','more than one day to week','Eyes'),('Xerophthalmia','Feeling of something in eye','none','Eyes'),('Yellow fever','Yellowish discoloration ','more than one day to week','Eyes'),('Yellow fever','Yellowish discoloration ','since today','Eyes'),('Yellow fever','Bleeding from eyes','more than one day to week','Eyes'),('Yellow fever','Bleeding from eyes','since today','Eyes'),('Zlotogora syndrome','Arched eyebrows','none','Eyes'),('Zika virus','Eye pain','more than one day to week','Eyes'),('Zika virus','Eye pain','since today','Eyes'),('Zunich kaye syndrome','Hole like structure formation in the any part of the eye','none','Eyes'),('Zamzam sheriff phillips syndrome','Absent of iris in the eyes','none','Eyes'),('Zamzam sheriff phillips syndrome','Malposition of eye lens in the eyes','none','Eyes'),('Zamzam sheriff phillips syndrome','Vision problem','none','Eyes'),('Zygomycosis','Vision problem','none','Eyes'),('Pre eclampsia','Blurred vision','more than one day to week','Eyes'),('Pre eclampsia','Blurred vision','since today','Eyes'),('Optic neuritis','Abnormal color vision','more than one day to week','Eyes'),('Optic neuritis','Abnormal color vision','more than week to month','Eyes'),('Optic neuritis','Abnormal color vision','since today','Eyes'),('Optic neuritis','Progressive loss of vision','more than week to month','Eyes'),('Optic neuritis','Progressive loss of vision','more than one day to week','Eyes'),('Optic neuritis','Progressive loss of vision','since today','Eyes'),('Optic neuritis','Blurred vision','more than week to month','Eyes'),('Optic neuritis','Blurred vision','more than one day to week','Eyes'),('Optic neuritis','Blurred vision','since today','Eyes'),('Optic neuritis','Eye pain','more than week to month','Eyes'),('Optic neuritis','Eye pain','more than one day to week','Eyes'),('Optic neuritis','Eye pain','since today','Eyes'),('Optic neuritis','Abnormal appearance of pupils',' more than week to month','Eyes'),('Optic neuritis','Abnormal appearance of pupils','more than one day to week','Eyes'),('Optic neuritis','Abnormal appearance of pupils','since today','Eyes');
/*!40000 ALTER TABLE `Disease_Time` ENABLE KEYS */;
UNLOCK TABLES;

--
-- Dumping routines for database 'Disease.db'
--
/*!40103 SET TIME_ZONE=@OLD_TIME_ZONE */;

/*!40101 SET SQL_MODE=@OLD_SQL_MODE */;
/*!40014 SET FOREIGN_KEY_CHECKS=@OLD_FOREIGN_KEY_CHECKS */;
/*!40014 SET UNIQUE_CHECKS=@OLD_UNIQUE_CHECKS */;
/*!40101 SET CHARACTER_SET_CLIENT=@OLD_CHARACTER_SET_CLIENT */;
/*!40101 SET CHARACTER_SET_RESULTS=@OLD_CHARACTER_SET_RESULTS */;
/*!40101 SET COLLATION_CONNECTION=@OLD_COLLATION_CONNECTION */;
/*!40111 SET SQL_NOTES=@OLD_SQL_NOTES */;

-- Dump completed on 2019-02-12 13:07:28
